epoch,accuracy,auc,learning_rate,loss,precision,recall,val_accuracy,val_auc,val_loss,val_precision,val_recall

0,0.8754098415374756,0.9789336919784546,0.0010000000474974513,0.24569013714790344,1.0,0.8325991034507751,0.7631579041481018,0.41858235001564026,0.6354816555976868,0.7631579041481018,1.0

1,0.9868852496147156,0.9955664873123169,0.0010000000474974513,0.09104534238576889,0.9911894202232361,0.9911894202232361,0.43421053886413574,0.3539271950721741,0.745602548122406,0.8571428656578064,0.3103448152542114

2,0.9836065769195557,0.9946063756942749,0.0010000000474974513,0.07940096408128738,0.9868420958518982,0.9911894202232361,0.2368421107530594,0.5416666269302368,1.2150442600250244,0.0,0.0

3,0.9934425950050354,0.9996894001960754,0.0010000000474974513,0.03582843393087387,1.0,0.9911894202232361,0.2368421107530594,0.9616857767105103,1.9127646684646606,0.0,0.0

4,0.9836065769195557,0.9995763301849365,0.0005000000237487257,0.03548223897814751,0.9955357313156128,0.9823788404464722,0.2368421107530594,0.9640804529190063,2.364051103591919,0.0,0.0

5,0.9737704992294312,0.998362123966217,0.0005000000237487257,0.05291954427957535,0.9910314083099365,0.9735682606697083,0.2368421107530594,0.9712643623352051,2.839184522628784,0.0,0.0

6,0.9868852496147156,0.9993222951889038,0.0005000000237487257,0.039596714079380035,0.995555579662323,0.9867841601371765,0.2368421107530594,0.9224138259887695,3.3053009510040283,0.0,0.0

7,0.9836065769195557,0.9995481967926025,0.0002500000118743628,0.03442743793129921,0.991150438785553,0.9867841601371765,0.2368421107530594,0.9698275923728943,3.631920337677002,0.0,0.0

8,0.9901639223098755,0.9996045827865601,0.0002500000118743628,0.03841700032353401,0.9912280440330505,0.9955947399139404,0.2368421107530594,0.8362069129943848,3.945730209350586,0.0,0.0

9,0.9868852496147156,0.9970067143440247,0.0002500000118743628,0.03616519272327423,1.0,0.9823788404464722,0.2368421107530594,0.6379310488700867,4.170007705688477,0.0,0.0

10,0.9934425950050354,0.9998587965965271,0.0001250000059371814,0.019539564847946167,0.9955947399139404,0.9955947399139404,0.2368421107530594,0.6034482717514038,4.353102207183838,0.0,0.0

11,0.9934425950050354,0.9997740983963013,0.0001250000059371814,0.026319868862628937,0.9955947399139404,0.9955947399139404,0.2368421107530594,0.5431034564971924,4.489973068237305,0.0,0.0

12,0.9901639223098755,0.9993787407875061,0.0001250000059371814,0.031927771866321564,1.0,0.9867841601371765,0.2368421107530594,0.5258620977401733,4.605864524841309,0.0,0.0

13,0.9868852496147156,0.9998304843902588,6.25000029685907e-05,0.024409577250480652,0.995555579662323,0.9867841601371765,0.2368421107530594,0.5258620977401733,4.662482261657715,0.0,0.0
